link,JobTitle,company_name,No_of_salary,average_salary,salary_range
"https://www.glassdoor.co.in/Salary/Tata-Consultancy-Services-Data-Scientist-Salaries-E13461_D_KO26,40.htm",Data Scientist,Tata Consultancy Services,120,"₹ 6,51,553/yr","₹174K to ₹2,534K"
"https://www.glassdoor.co.in/Salary/IBM-Data-Scientist-Salaries-E354_D_KO4,18.htm",Data Scientist,IBM,110,"₹ 10,56,841/yr","₹291K to ₹4,342K"
"https://www.glassdoor.co.in/Salary/Mu-Sigma-Data-Scientist-Salaries-E253258_D_KO9,23.htm",Data Scientist,Mu Sigma,91,"₹ 6,11,721/yr","₹298K to ₹4,727K"
"https://www.glassdoor.co.in/Salary/Cognizant-Technology-Solutions-Data-Scientist-Salaries-E8014_D_KO31,45.htm",Data Scientist,Cognizant Technology Solutions,57,"₹ 8,60,733/yr","₹300K to ₹3,600K"
"https://www.glassdoor.co.in/Salary/Accenture-Data-Scientist-Salaries-E4138_D_KO10,24.htm",Data Scientist,Accenture,56,"₹ 10,22,710/yr","₹182K to ₹3,064K"
"https://www.glassdoor.co.in/Salary/Infosys-Data-Scientist-Salaries-E7927_D_KO8,22.htm",Data Scientist,Infosys,49,"₹ 8,47,310/yr","₹220K to ₹3,244K"
"https://www.glassdoor.co.in/Salary/Fractal-Data-Scientist-Salaries-E270403_D_KO8,22.htm",Data Scientist,Fractal,46,"₹ 14,94,422/yr","₹605K to ₹2,113K"
"https://www.glassdoor.co.in/Salary/Capgemini-Data-Scientist-Salaries-E3803_D_KO10,24.htm",Data Scientist,Capgemini,35,"₹ 9,50,326/yr","₹358K to ₹1,817K"
"https://www.glassdoor.co.in/Salary/Amazon-Data-Scientist-Salaries-E6036_D_KO7,21.htm",Data Scientist,Amazon,32,"₹ 13,73,954/yr","₹600K to ₹3,380K"
"https://www.glassdoor.co.in/Salary/Ericsson-Worldwide-Data-Scientist-Salaries-E3472_D_KO19,33.htm",Data Scientist,Ericsson-Worldwide,29,"₹ 9,60,000/yr","₹355K to ₹3,041K"
"https://www.glassdoor.co.in/Salary/ZS-Associates-Data-Science-Associate-Salaries-E115506_D_KO14,36.htm",Data Science Associate,ZS Associates,28,"₹ 12,52,826/yr","₹1,015K to ₹4,000K"
"https://www.glassdoor.co.in/Salary/Impact-Analytics-Data-Scientist-Salaries-E1796553_D_KO17,31.htm",Data Scientist,Impact Analytics,28,"₹ 6,51,706/yr",₹519K to ₹900K
"https://www.glassdoor.co.in/Salary/Microsoft-Data-Scientist-Salaries-E1651_D_KO10,24.htm",Data Scientist,Microsoft,27,"₹ 16,73,507/yr","₹230K to ₹3,350K"
"https://www.glassdoor.co.in/Salary/Wipro-Data-Scientist-Salaries-E9936_D_KO6,20.htm",Data Scientist,Wipro,26,"₹ 9,31,376/yr","₹355K to ₹1,585K"
"https://www.glassdoor.co.in/Salary/Jio-Data-Scientist-Salaries-E694833_D_KO4,18.htm",Data Scientist,Jio,23,"₹ 12,51,069/yr","₹318K to ₹2,287K"
"https://www.glassdoor.co.in/Salary/Embibe-Data-Scientist-Salaries-E887373_D_KO7,21.htm",Data Scientist,Embibe,23,"₹ 13,77,597/yr","₹863K to ₹2,100K"
"https://www.glassdoor.co.in/Salary/Google-Data-Scientist-Salaries-E9079_D_KO7,21.htm",Data Scientist,Google,22,"₹ 12,76,057/yr","₹281K to ₹7,107K"
"https://www.glassdoor.co.in/Salary/dunnhumby-Applied-Data-Scientist-Salaries-E195922_D_KO10,32.htm",Applied Data Scientist,dunnhumby,22,"₹ 11,91,260/yr","₹505K to ₹2,638K"
"https://www.glassdoor.co.in/Salary/Deloitte-Data-Scientist-Salaries-E2763_D_KO9,23.htm",Data Scientist,Deloitte,21,"₹ 11,97,041/yr","₹537K to ₹1,630K"
"https://www.glassdoor.co.in/Salary/Tech-Mahindra-Data-Scientist-Salaries-E135932_D_KO14,28.htm",Data Scientist,Tech Mahindra,21,"₹ 7,44,923/yr","₹405K to ₹2,200K"
"https://www.glassdoor.co.in/Salary/Accenture-Data-Science-Analyst-Salaries-E4138_D_KO10,30.htm",Data Science Analyst,Accenture,20,"₹ 12,06,899/yr","₹461K to ₹1,700K"
"https://www.glassdoor.co.in/Salary/ZS-Associates-Data-Scientist-Salaries-E115506_D_KO14,28.htm",Data Scientist,ZS Associates,19,"₹ 12,10,443/yr","₹202K to ₹2,245K"
"https://www.glassdoor.co.in/Salary/Anheuser-Busch-InBev-Data-Scientist-Salaries-E428473_D_KO21,35.htm",Data Scientist,Anheuser-Busch InBev,18,"₹ 16,04,779/yr","₹1,272K to ₹1,900K"
"https://www.glassdoor.co.in/Salary/Cyient-Data-Scientist-Salaries-E145213_D_KO7,21.htm",Data Scientist,Cyient,18,"₹ 9,97,310/yr","₹113K to ₹1,985K"
"https://www.glassdoor.co.in/Salary/Innoplexus-Data-Scientist-Salaries-E881734_D_KO11,25.htm",Data Scientist,Innoplexus,18,"₹ 11,76,617/yr","₹160K to ₹6,020K"
"https://www.glassdoor.co.in/Salary/Impact-Analytics-Senior-Data-Scientist-Salaries-E1796553_D_KO17,38.htm",Senior Data Scientist,Impact Analytics,18,"₹ 10,67,888/yr","₹814K to ₹1,480K"
"https://www.glassdoor.co.in/Salary/HCL-Technologies-Data-Scientist-Salaries-E553909_D_KO17,31.htm",Data Scientist,HCL Technologies,17,"₹ 8,24,518/yr","₹400K to ₹1,800K"
"https://www.glassdoor.co.in/Salary/Nielsen-Data-Scientist-Salaries-E3776_D_KO8,22.htm",Data Scientist,Nielsen,17,"₹ 6,97,330/yr","₹584K to ₹1,331K"
"https://www.glassdoor.co.in/Salary/UnitedHealth-Group-Data-Scientist-Salaries-E1991_D_KO19,33.htm",Data Scientist,UnitedHealth Group,16,"₹ 13,83,270/yr","₹485K to ₹13,192K"
"https://www.glassdoor.co.in/Salary/Genpact-Data-Scientist-Salaries-E42613_D_KO8,22.htm",Data Scientist,Genpact,15,"₹ 8,42,174/yr","₹165K to ₹2,245K"
"https://www.glassdoor.co.in/Salary/Verizon-Data-Scientist-Salaries-E89_D_KO8,22.htm",Data Scientist,Verizon,15,"₹ 13,57,904/yr","₹550K to ₹2,388K"
"https://www.glassdoor.co.in/Salary/Optum-Data-Scientist-Salaries-E2409113_D_KO6,20.htm",Data Scientist,Optum,15,"₹ 13,27,632/yr","₹807K to ₹2,178K"
"https://www.glassdoor.co.in/Salary/Wipro-Associate-Data-Scientist-Salaries-E9936_D_KO6,30.htm",Associate Data Scientist,Wipro,14,"₹ 7,84,385/yr",₹632K to ₹865K
"https://www.glassdoor.co.in/Salary/Delhivery-Data-Scientist-Salaries-E513409_D_KO10,24.htm",Data Scientist,Delhivery,14,"₹ 12,39,781/yr","₹450K to ₹11,622K"
"https://www.glassdoor.co.in/Salary/Microsoft-Data-Scientist-II-Salaries-E1651_D_KO10,27.htm",Data Scientist II,Microsoft,14,"₹ 20,88,243/yr","₹320K to ₹4,764K"
"https://www.glassdoor.co.in/Salary/MiQ-Data-Scientist-Salaries-E719780_D_KO4,18.htm",Data Scientist,MiQ,14,"₹ 15,59,783/yr","₹1,046K to ₹1,937K"
"https://www.glassdoor.co.in/Salary/Flutura-Data-Scientist-Salaries-E517953_D_KO8,22.htm",Data Scientist,Flutura,13,"₹ 7,41,261/yr","₹314K to ₹1,464K"
"https://www.glassdoor.co.in/Salary/Tiger-Analytics-Data-Scientist-Salaries-E717029_D_KO16,30.htm",Data Scientist,Tiger Analytics,13,"₹ 15,50,000/yr","₹822K to ₹1,836K"
"https://www.glassdoor.co.in/Salary/HP-Inc-Data-Scientist-Salaries-E1093161_D_KO7,21.htm",Data Scientist,HP Inc.,12,"₹ 14,57,842/yr","₹700K to ₹1,824K"
"https://www.glassdoor.co.in/Salary/Optum-Global-Solutions-Data-Scientist-Salaries-E3725926_D_KO23,37.htm",Data Scientist,Optum Global Solutions,12,"₹ 13,18,288/yr","₹816K to ₹1,700K"
"https://www.glassdoor.co.in/Salary/First-Student-Data-Scientist-Salaries-E16694_D_KO14,28.htm",Data Scientist,First Student,12,"₹ 6,00,000/yr","₹240K to ₹4,873K"
"https://www.glassdoor.co.in/Salary/Fuzzy-Logix-Data-Scientist-Salaries-E361983_D_KO12,26.htm",Data Scientist,Fuzzy Logix,12,"₹ 15,13,208/yr","₹925K to ₹2,194K"
"https://www.glassdoor.co.in/Salary/Soci%C3%A9t%C3%A9-G%C3%A9n%C3%A9rale-Data-Scientist-Salaries-E10350_D_KO17,31.htm",Data Scientist,Société Générale,11,"₹ 16,24,461/yr","₹925K to ₹1,913K"
"https://www.glassdoor.co.in/Salary/dunnhumby-Senior-Applied-Data-Scientist-Salaries-E195922_D_KO10,39.htm",Senior Applied Data Scientist,dunnhumby,11,"₹ 12,29,251/yr","₹1,100K to ₹2,672K"
"https://www.glassdoor.co.in/Salary/IBM-Senior-Data-Scientist-Salaries-E354_D_KO4,25.htm",Senior Data Scientist,IBM,11,"₹ 31,35,353/yr","₹1,307K to ₹4,342K"
"https://www.glassdoor.co.in/Salary/Fractal-Senior-Data-Scientist-Salaries-E270403_D_KO8,29.htm",Senior Data Scientist,Fractal,11,"₹ 20,69,333/yr","₹1,402K to ₹2,254K"
"https://www.glassdoor.co.in/Salary/Oracle-Data-Scientist-Salaries-E1737_D_KO7,21.htm",Data Scientist,Oracle,11,"₹ 12,24,531/yr","₹502K to ₹2,895K"
"https://www.glassdoor.co.in/Salary/Flipkart-Data-Scientist-Salaries-E300494_D_KO9,23.htm",Data Scientist,Flipkart,11,"₹ 24,89,491/yr","₹1,211K to ₹2,612K"
"https://www.glassdoor.co.in/Salary/Tata-Consultancy-Services-Senior-Data-Scientist-Salaries-E13461_D_KO26,47.htm",Senior Data Scientist,Tata Consultancy Services,10,"₹ 16,23,571/yr","₹372K to ₹6,000K"
"https://www.glassdoor.co.in/Salary/GE-Senior-Data-Scientist-Salaries-E277_D_KO3,24.htm",Senior Data Scientist,GE,10,"₹ 21,42,705/yr","₹1,587K to ₹2,711K"
"https://www.glassdoor.co.in/Salary/INSOFE-Data-Scientist-Salaries-E516431_D_KO7,21.htm",Data Scientist,INSOFE,10,"₹ 9,01,400/yr","₹500K to ₹1,523K"
"https://www.glassdoor.co.in/Salary/Wipro-Technologies-Data-Scientist-Salaries-E4025033_D_KO19,33.htm",Data Scientist,Wipro Technologies,10,"₹ 7,35,840/yr","₹182K to ₹2,350K"
"https://www.glassdoor.co.in/Salary/DXC-Technology-Data-Scientist-Salaries-E1603125_D_KO15,29.htm",Data Scientist,DXC Technology,10,"₹ 12,18,937/yr","₹508K to ₹2,542K"
"https://www.glassdoor.co.in/Salary/Anheuser-Busch-InBev-Associate-Data-Scientist-Salaries-E428473_D_KO21,45.htm",Associate Data Scientist,Anheuser-Busch InBev,10,"₹ 14,13,240/yr","₹122K to ₹2,542K"
"https://www.glassdoor.co.in/Salary/EXL-Service-Data-Scientist-Salaries-E37901_D_KO12,26.htm",Data Scientist,EXL Service,10,"₹ 10,39,596/yr","₹811K to ₹1,450K"
"https://www.glassdoor.co.in/Salary/DataScientest-Data-Scientist-Salaries-E3151014_D_KO14,28.htm",Data Scientist,DataScientest,9,"₹ 6,27,826/yr","₹365K to ₹4,800K"
"https://www.glassdoor.co.in/Salary/Philips-Data-Scientist-Salaries-E3496_D_KO8,22.htm",Data Scientist,Philips,9,"₹ 15,06,783/yr","₹715K to ₹2,331K"
"https://www.glassdoor.co.in/Salary/Jotter-Data-Scientist-Salaries-E2341912_D_KO7,21.htm",Data Scientist,Jotter,9,"₹ 8,90,762/yr","₹251K to ₹1,093K"
"https://www.glassdoor.co.in/Salary/-24-7-ai-Data-Scientist-Salaries-E34134_D_KO9,23.htm",Data Scientist,[24]7.ai,9,"₹ 18,79,854/yr","₹1,097K to ₹2,257K"
"https://www.glassdoor.co.in/Salary/Accenture-Data-Science-Consultant-Salaries-E4138_D_KO10,33.htm",Data Science Consultant,Accenture,9,"₹ 15,34,745/yr","₹1,263K to ₹1,800K"
"https://www.glassdoor.co.in/Salary/Valiance-Solutions-Data-Scientist-Salaries-E895637_D_KO19,33.htm",Data Scientist,Valiance Solutions,9,"₹ 8,15,192/yr","₹502K to ₹1,465K"
"https://www.glassdoor.co.in/Salary/Quadratic-Insights-Data-Scientist-Salaries-E968368_D_KO19,33.htm",Data Scientist,Quadratic Insights,9,"₹ 5,56,726/yr","₹350K to ₹1,523K"
"https://www.glassdoor.co.in/Salary/Innovaccer-Data-Scientist-Salaries-E721552_D_KO11,25.htm",Data Scientist,Innovaccer,9,"₹ 11,97,921/yr","₹620K to ₹1,695K"
"https://www.glassdoor.co.in/Salary/Housing-com-Data-Scientist-Salaries-E910830_D_KO12,26.htm",Data Scientist,Housing.com,9,"₹ 22,57,454/yr","₹206K to ₹2,454K"
"https://www.glassdoor.co.in/Salary/LTI-Data-Scientist-Salaries-E30653_D_KO4,18.htm",Data Scientist,LTI,9,"₹ 7,95,945/yr","₹230K to ₹1,300K"
"https://www.glassdoor.co.in/Salary/Accenture-Data-Science-Manager-Salaries-E4138_D_KO10,30.htm",Data Science Manager,Accenture,9,"₹ 24,71,678/yr","₹925K to ₹3,350K"
"https://www.glassdoor.co.in/Salary/Great-Learning-Data-Scientist-Salaries-E1880468_D_KO15,29.htm",Data Scientist,Great Learning,8,"₹ 8,30,433/yr","₹711K to ₹1,046K"
"https://www.glassdoor.co.in/Intern-Salary/Analytics-Vidhya-Data-Science-Internship-Salaries-E1888979_D_KO17,29.htm",Data Science - Monthly Intern,Analytics Vidhya,8,"₹ 21,415/mo",₹14K to ₹27K
"https://www.glassdoor.co.in/Salary/Cognizant-Technology-Solutions-Senior-Data-Scientist-Salaries-E8014_D_KO31,52.htm",Senior Data Scientist,Cognizant Technology Solutions,8,"₹ 16,97,007/yr","₹208K to ₹2,500K"
"https://www.glassdoor.co.in/Salary/Atos-Syntel-Data-Scientist-Salaries-E5304_D_KO12,26.htm",Data Scientist,Atos-Syntel,8,"₹ 6,13,000/yr","₹334K to ₹1,570K"
"https://www.glassdoor.co.in/Salary/Innominds-Software-Data-Scientist-Salaries-E266740_D_KO19,33.htm",Data Scientist,Innominds Software,8,"₹ 6,94,225/yr","₹139K to ₹1,334K"
"https://www.glassdoor.co.in/Salary/Fuzzy-Logix-Associate-Data-Scientist-Salaries-E361983_D_KO12,36.htm",Associate Data Scientist,Fuzzy Logix,8,"₹ 13,11,865/yr","₹1,129K to ₹1,489K"
"https://www.glassdoor.co.in/Salary/Fidelity-Investments-Data-Scientist-Salaries-E2786_D_KO21,35.htm",Data Scientist,Fidelity Investments,8,"₹ 21,62,224/yr","₹1,630K to ₹3,147K"
"https://www.glassdoor.co.in/Salary/Walmart-Data-Scientist-Salaries-E715_D_KO8,22.htm",Data Scientist,Walmart,8,"₹ 25,09,441/yr","₹1,869K to ₹3,662K"
"https://www.glassdoor.co.in/Salary/Honeywell-Data-Scientist-Salaries-E28_D_KO10,24.htm",Data Scientist,Honeywell,8,"₹ 14,57,006/yr","₹624K to ₹8,109K"
"https://www.glassdoor.co.in/Salary/Applied-Data-Finance-Data-Scientist-Salaries-E1057605_D_KO21,35.htm",Data Scientist,Applied Data Finance,8,"₹ 7,13,260/yr","₹482K to ₹1,278K"
"https://www.glassdoor.co.in/Salary/Anheuser-Busch-InBev-Senior-Data-Scientist-Salaries-E428473_D_KO21,42.htm",Senior Data Scientist,Anheuser-Busch InBev,8,"₹ 20,00,000/yr","₹1,906K to ₹2,755K"
"https://www.glassdoor.co.in/Salary/Cognizant-Technology-Solutions-Associate-Data-Scientist-Salaries-E8014_D_KO31,55.htm",Associate Data Scientist,Cognizant Technology Solutions,8,"₹ 8,77,914/yr","₹704K to ₹1,069K"
"https://www.glassdoor.co.in/Salary/Thoucentric-Data-Scientist-Salaries-E1845986_D_KO12,26.htm",Data Scientist,Thoucentric,8,"₹ 7,11,737/yr","₹530K to ₹1,448K"
"https://www.glassdoor.co.in/Salary/Amazon-Data-Scientist-II-Salaries-E6036_D_KO7,24.htm",Data Scientist II,Amazon,8,"₹ 22,54,866/yr","₹1,463K to ₹4,017K"
"https://www.glassdoor.co.in/Salary/AlgoAnalytics-Financial-Consultancy-Data-Scientist-Salaries-E1057586_D_KO36,50.htm",Data Scientist - Monthly,AlgoAnalytics Financial Consultancy,7,"₹ 60,000/mo",₹40K to ₹86K
"https://www.glassdoor.co.in/Salary/Bharti-Airtel-Data-Scientist-Salaries-E38320_D_KO14,28.htm",Data Scientist,Bharti Airtel,7,"₹ 15,00,000/yr","₹727K to ₹2,300K"
"https://www.glassdoor.co.in/Salary/Scienaptic-Systems-Data-Scientist-Salaries-E1085647_D_KO19,33.htm",Data Scientist,Scienaptic Systems,7,"₹ 12,54,141/yr","₹147K to ₹5,969K"
"https://www.glassdoor.co.in/Salary/Zensar-Technologies-Data-Scientist-Salaries-E255019_D_KO20,34.htm",Data Scientist,Zensar Technologies,7,"₹ 8,35,663/yr","₹500K to ₹1,570K"
"https://www.glassdoor.co.in/Salary/EY-Data-Scientist-Salaries-E2784_D_KO3,17.htm",Data Scientist,EY,7,"₹ 5,76,000/yr","₹303K to ₹1,628K"
"https://www.glassdoor.co.in/Salary/Reliance-Industries-Data-Scientist-Salaries-E10052_D_KO20,34.htm",Data Scientist,Reliance Industries,7,"₹ 17,26,197/yr","₹908K to ₹2,585K"
"https://www.glassdoor.co.in/Salary/Wolters-Kluwer-Data-Scientist-Salaries-E10497_D_KO15,29.htm",Data Scientist,Wolters Kluwer,7,"₹ 11,22,487/yr","₹1,000K to ₹9,532K"
"https://www.glassdoor.co.in/Salary/Affine-Data-Scientist-Salaries-E615757_D_KO7,21.htm",Data Scientist,Affine,7,"₹ 10,99,358/yr","₹609K to ₹2,109K"
"https://www.glassdoor.co.in/Salary/Ola-Data-Scientist-Salaries-E587383_D_KO4,18.htm",Data Scientist,Ola,7,"₹ 22,00,000/yr","₹1,319K to ₹4,042K"
"https://www.glassdoor.co.in/Salary/UnitedHealth-Group-Associate-Data-Scientist-Salaries-E1991_D_KO19,43.htm",Associate Data Scientist,UnitedHealth Group,7,"₹ 9,89,422/yr","₹726K to ₹1,307K"
"https://www.glassdoor.co.in/Salary/Optum-Senior-Data-Scientist-Salaries-E2409113_D_KO6,27.htm",Senior Data Scientist,Optum,7,"₹ 22,00,000/yr","₹1,509K to ₹2,553K"
"https://www.glassdoor.co.in/Salary/American-Express-Data-Scientist-Salaries-E35_D_KO17,31.htm",Data Scientist,American Express,7,"₹ 15,20,373/yr","₹1,200K to ₹1,940K"
"https://www.glassdoor.co.in/Salary/Citi-Data-Scientist-Salaries-E8843_D_KO5,19.htm",Data Scientist,Citi,7,"₹ 16,72,411/yr","₹262K to ₹2,587K"
"https://www.glassdoor.co.in/Salary/AlgonoX-Technologies-Data-Science-Engineer-Salaries-E2038332_D_KO21,42.htm",Data Science Engineer,AlgonoX Technologies,7,"₹ 8,35,663/yr","₹565K to ₹1,226K"
"https://www.glassdoor.co.in/Salary/Aaum-Research-and-Analytics-Data-Scientist-Salaries-E646142_D_KO28,42.htm",Data Scientist,Aaum Research and Analytics,6,"₹ 4,80,816/yr",₹201K to ₹731K
"https://www.glassdoor.co.in/Salary/IQVIA-Data-Scientist-Salaries-E8347_D_KO6,20.htm",Data Scientist,IQVIA,6,"₹ 7,93,559/yr","₹453K to ₹1,115K"
"https://www.glassdoor.co.in/Salary/Shell-Data-Scientist-Salaries-E5833_D_KO6,20.htm",Data Scientist,Shell,6,"₹ 20,50,000/yr","₹720K to ₹4,536K"
"https://www.glassdoor.co.in/Salary/Webtunix-Data-Scientist-Salaries-E1842452_D_KO9,23.htm",Data Scientist - Monthly,Webtunix,6,"₹ 55,747/mo",₹16K to ₹132K
"https://www.glassdoor.co.in/Salary/ABC-Data-Scientist-Salaries-E130_D_KO4,18.htm",Data Scientist,ABC,6,"₹ 10,09,267/yr","₹146K to ₹2,534K"
"https://www.glassdoor.co.in/Salary/PwC-Data-Scientist-Salaries-E8450_D_KO4,18.htm",Data Scientist,PwC,6,"₹ 12,81,198/yr","₹100K to ₹2,093K"
"https://www.glassdoor.co.in/Salary/Episource-Data-Scientist-Salaries-E928778_D_KO10,24.htm",Data Scientist,Episource,6,"₹ 9,17,870/yr","₹502K to ₹1,171K"
"https://www.glassdoor.co.in/Salary/Antuit-Data-Scientist-Salaries-E1009215_D_KO7,21.htm",Data Scientist,Antuit,6,"₹ 12,75,000/yr","₹799K to ₹1,979K"
"https://www.glassdoor.co.in/Salary/Gramener-Data-Scientist-Salaries-E942627_D_KO9,23.htm",Data Scientist,Gramener,6,"₹ 8,26,104/yr","₹800K to ₹1,353K"
"https://www.glassdoor.co.in/Salary/Optum-Associate-Data-Scientist-Salaries-E2409113_D_KO6,30.htm",Associate Data Scientist,Optum,6,"₹ 10,89,596/yr","₹633K to ₹1,492K"
"https://www.glassdoor.co.in/Salary/Gramener-Data-Science-Engineer-Salaries-E942627_D_KO9,30.htm",Data Science Engineer,Gramener,6,"₹ 6,81,898/yr",₹543K to ₹765K
"https://www.glassdoor.co.in/Salary/Ganit-Data-Scientist-Salaries-E3157675_D_KO6,20.htm",Data Scientist,Ganit,6,"₹ 12,27,826/yr","₹660K to ₹2,300K"
"https://www.glassdoor.co.in/Salary/Publicis-Sapient-Data-Scientist-Salaries-E1646026_D_KO17,31.htm",Data Scientist,Publicis Sapient,6,"₹ 16,82,183/yr","₹923K to ₹1,782K"
"https://www.glassdoor.co.in/Salary/dunnhumby-Data-Scientist-Salaries-E195922_D_KO10,24.htm",Data Scientist,dunnhumby,6,"₹ 13,36,041/yr","₹817K to ₹2,006K"
"https://www.glassdoor.co.in/Salary/Myntra-Data-Scientist-Salaries-E508705_D_KO7,21.htm",Data Scientist,Myntra,6,"₹ 15,59,044/yr","₹226K to ₹2,247K"
"https://www.glassdoor.co.in/Salary/Karvy-Data-Scientist-Salaries-E363991_D_KO6,20.htm",Data Scientist,Karvy,6,"₹ 5,78,820/yr","₹439K to ₹1,385K"
"https://www.glassdoor.co.in/Salary/Dell-Technologies-Data-Scientist-Salaries-E1327_D_KO18,32.htm",Data Scientist,Dell Technologies,6,"₹ 13,38,000/yr","₹685K to ₹2,220K"
"https://www.glassdoor.co.in/Salary/Vidooly-Media-Tech-Data-Scientist-Salaries-E1483199_D_KO19,33.htm",Data Scientist - Monthly,Vidooly Media Tech,6,"₹ 34,103/mo",₹12K to ₹63K
"https://www.glassdoor.co.in/Salary/LatentView-Analytics-Data-Scientist-Salaries-E435479_D_KO21,35.htm",Data Scientist,LatentView Analytics,6,"₹ 7,81,019/yr","₹230K to ₹1,855K"
"https://www.glassdoor.co.in/Salary/Noodle-ai-Data-Scientist-Salaries-E1441922_D_KO10,24.htm",Data Scientist,Noodle.ai,6,"₹ 16,27,874/yr","₹1,285K to ₹2,885K"
"https://www.glassdoor.co.in/Salary/HARMAN-Senior-Data-Scientist-Salaries-E315_D_KO7,28.htm",Senior Data Scientist,HARMAN,6,"₹ 13,78,435/yr","₹1,000K to ₹2,388K"
"https://www.glassdoor.co.in/Salary/Ford-Motor-Company-Data-Scientist-Salaries-E263_D_KO19,33.htm",Data Scientist,Ford Motor Company,6,"₹ 13,82,199/yr","₹1,106K to ₹2,100K"
"https://www.glassdoor.co.in/Salary/Robert-Bosch-India-Data-Scientist-Salaries-E237727_D_KO19,33.htm",Data Scientist,Robert Bosch India,6,"₹ 10,17,012/yr","₹450K to ₹1,256K"
"https://www.glassdoor.co.in/Salary/TCS-Data-Scientist-Salaries-E959059_D_KO4,18.htm",Data Scientist,TCS,6,"₹ 9,99,735/yr","₹434K to ₹6,000K"
"https://www.glassdoor.co.in/Salary/ZS-Associates-Data-Science-Consultant-Salaries-E115506_D_KO14,37.htm",Data Science Consultant,ZS Associates,6,"₹ 26,02,739/yr","₹290K to ₹2,635K"
"https://www.glassdoor.co.in/Salary/Axis-Bank-Data-Scientist-Salaries-E226240_D_KO10,24.htm",Data Scientist,Axis Bank,6,"₹ 11,75,000/yr","₹259K to ₹1,985K"
"https://www.glassdoor.co.in/Salary/NSHM-Knowledge-Campus-Data-Scientist-Salaries-E509787_D_KO22,36.htm",Data Scientist,NSHM Knowledge Campus,6,"₹ 5,00,000/yr",₹500K to ₹500K
"https://www.glassdoor.co.in/Salary/ThinkBumblebee-Analytics-Data-Scientist-Salaries-E2582161_D_KO25,39.htm",Data Scientist,ThinkBumblebee Analytics,6,"₹ 9,43,408/yr","₹510K to ₹1,308K"
"https://www.glassdoor.co.in/Intern-Salary/The-Sparks-Foundation-Data-Science-Internship-Salaries-E2143300_D_KO22,34.htm",Data Science - Monthly Intern,The Sparks Foundation,6,"₹ 10,030/mo",₹2K to ₹44K
"https://www.glassdoor.co.in/Salary/Quantiphi-Data-Scientist-Salaries-E1143542_D_KO10,24.htm",Data Scientist,Quantiphi,6,"₹ 9,65,374/yr","₹770K to ₹1,568K"
"https://www.glassdoor.co.in/Salary/Hewlett-Packard-Enterprise-HPE-Data-Scientist-Salaries-E1093046_D_KO31,45.htm",Data Scientist,Hewlett Packard Enterprise | HPE,6,"₹ 21,38,072/yr","₹937K to ₹3,041K"
"https://www.glassdoor.co.in/Salary/Swiggy-Data-Scientist-Salaries-E952680_D_KO7,21.htm",Data Scientist,Swiggy,6,"₹ 24,62,113/yr","₹209K to ₹5,011K"
"https://www.glassdoor.co.in/Salary/Nielsen-Senior-Data-Scientist-Salaries-E3776_D_KO8,29.htm",Senior Data Scientist,Nielsen,5,"₹ 10,99,016/yr","₹263K to ₹2,257K"
"https://www.glassdoor.co.in/Salary/Curl-Analytics-Data-Scientist-Salaries-E2434238_D_KO15,29.htm",Data Scientist,Curl Analytics,5,"₹ 9,60,000/yr","₹732K to ₹1,779K"
"https://www.glassdoor.co.in/Salary/Blueocean-Market-Intelligence-Data-Scientist-Salaries-E420457_D_KO30,44.htm",Data Scientist,Blueocean Market Intelligence,5,"₹ 7,27,749/yr",₹695K to ₹824K
"https://www.glassdoor.co.in/Salary/Bharat-Light-and-Power-Data-Scientist-Salaries-E1346287_D_KO23,37.htm",Data Scientist,Bharat Light & Power,5,"₹ 7,03,066/yr","₹563K to ₹1,015K"
"https://www.glassdoor.co.in/Salary/Verizon-Senior-Data-Scientist-Salaries-E89_D_KO8,29.htm",Senior Data Scientist,Verizon,5,"₹ 15,97,785/yr","₹1,539K to ₹2,400K"
"https://www.glassdoor.co.in/Salary/Yash-Technologies-Data-Scientist-Salaries-E14704_D_KO18,32.htm",Data Scientist,Yash Technologies,5,"₹ 8,35,663/yr","₹376K to ₹2,000K"
"https://www.glassdoor.co.in/Salary/Tredence-Data-Scientist-Salaries-E1141078_D_KO9,23.htm",Data Scientist,Tredence,5,"₹ 17,26,522/yr","₹1,336K to ₹13,146K"
"https://www.glassdoor.co.in/Salary/J-P-Morgan-Data-Scientist-Salaries-E145_D_KO11,25.htm",Data Scientist,J.P. Morgan,5,"₹ 18,83,478/yr","₹646K to ₹2,177K"
"https://www.glassdoor.co.in/Salary/Bepec-Solutions-Data-Scientist-Salaries-E2360440_D_KO16,30.htm",Data Scientist,Bepec Solutions,5,"₹ 4,52,669/yr","₹366K to ₹5,000K"
"https://www.glassdoor.co.in/Salary/Siemens-Data-Scientist-Salaries-E3510_D_KO8,22.htm",Data Scientist,Siemens,5,"₹ 12,24,531/yr","₹505K to ₹2,143K"
"https://www.glassdoor.co.in/Salary/Intel-Corporation-Data-Scientist-Salaries-E1519_D_KO18,32.htm",Data Scientist,Intel Corporation,5,"₹ 11,54,143/yr","₹628K to ₹2,800K"
"https://www.glassdoor.co.in/Salary/Ola-Senior-Data-Scientist-Salaries-E587383_D_KO4,25.htm",Senior Data Scientist,Ola,5,"₹ 33,00,000/yr","₹1,350K to ₹6,755K"
"https://www.glassdoor.co.in/Salary/SigTuple-Data-Scientist-Salaries-E1695919_D_KO9,23.htm",Data Scientist,SigTuple,5,"₹ 19,78,844/yr","₹600K to ₹3,738K"
"https://www.glassdoor.co.in/Salary/HDFC-Bank-Data-Scientist-Salaries-E100231_D_KO10,24.htm",Data Scientist,HDFC Bank,5,"₹ 10,42,192/yr","₹550K to ₹2,534K"
"https://www.glassdoor.co.in/Salary/Brillio-Data-Scientist-Salaries-E821879_D_KO8,22.htm",Data Scientist,Brillio,5,"₹ 13,98,061/yr","₹942K to ₹1,800K"
"https://www.glassdoor.co.in/Salary/SPi-Global-Data-Scientist-Salaries-E779869_D_KO11,25.htm",Data Scientist,SPi Global,5,"₹ 7,57,000/yr",₹123K to ₹816K
"https://www.glassdoor.co.in/Salary/Schlumberger-Data-Scientist-Salaries-E588_D_KO13,27.htm",Data Scientist,Schlumberger,5,"₹ 20,00,000/yr","₹1,064K to ₹3,118K"
"https://www.glassdoor.co.in/Salary/Gramener-Senior-Data-Scientist-Salaries-E942627_D_KO9,30.htm",Senior Data Scientist,Gramener,5,"₹ 12,00,000/yr","₹220K to ₹1,861K"
"https://www.glassdoor.co.in/Salary/SG-Analytics-Data-Scientist-Salaries-E348636_D_KO13,27.htm",Data Scientist,SG Analytics,5,"₹ 7,83,602/yr",₹441K to ₹912K
"https://www.glassdoor.co.in/Salary/LinkedIn-Data-Scientist-Salaries-E34865_D_KO9,23.htm",Data Scientist,LinkedIn,5,"₹ 22,80,586/yr","₹1,524K to ₹2,538K"
"https://www.glassdoor.co.in/Intern-Salary/Vidooly-Media-Tech-Data-Science-Internship-Salaries-E1483199_D_KO19,31.htm",Data Science - Monthly Intern,Vidooly Media Tech,5,"₹ 12,671/mo",₹9K to ₹20K
"https://www.glassdoor.co.in/Salary/Algo8-ai-Data-Scientist-Salaries-E2392125_D_KO9,23.htm",Data Scientist,Algo8.ai,5,"₹ 6,75,000/yr","₹86K to ₹1,358K"
"https://www.glassdoor.co.in/Salary/Sigmoid-Analytics-Data-Scientist-Salaries-E785952_D_KO18,32.htm",Data Scientist,Sigmoid Analytics,5,"₹ 11,65,620/yr","₹1,053K to ₹1,723K"
"https://www.glassdoor.co.in/Salary/Nagarro-Data-Scientist-Salaries-E240077_D_KO8,22.htm",Data Scientist,Nagarro,5,"₹ 9,61,653/yr","₹400K to ₹1,124K"
"https://www.glassdoor.co.in/Salary/YouPlus-Data-Scientist-Salaries-E790731_D_KO8,22.htm",Data Scientist,YouPlus,5,"₹ 13,57,904/yr","₹660K to ₹1,742K"
"https://www.glassdoor.co.in/Salary/Wipro-Lead-Data-Scientist-Salaries-E9936_D_KO6,25.htm",Lead Data Scientist,Wipro,5,"₹ 12,55,652/yr","₹1,036K to ₹1,926K"
"https://www.glassdoor.co.in/Salary/Mercedes-Benz-Research-and-Development-India-Data-Scientist-Salaries-E237590_D_KO45,59.htm",Data Scientist,Mercedes-Benz Research and Development India,5,"₹ 14,89,966/yr","₹1,140K to ₹2,000K"
"https://www.glassdoor.co.in/Salary/Innoplexus-Associate-Data-Scientist-Salaries-E881734_D_KO11,35.htm",Associate Data Scientist,Innoplexus,5,"₹ 13,84,971/yr","₹918K to ₹1,881K"
"https://www.glassdoor.co.in/Salary/OYO-Data-Scientist-Salaries-E953789_D_KO4,18.htm",Data Scientist,OYO,5,"₹ 14,13,078/yr","₹971K to ₹1,883K"
"https://www.glassdoor.co.in/Salary/Abzooba-Senior-Data-Scientist-Salaries-E602833_D_KO8,29.htm",Senior Data Scientist,Abzooba,5,"₹ 20,29,468/yr","₹600K to ₹2,874K"
"https://www.glassdoor.co.in/Salary/CASHe-Data-Scientist-Salaries-E2526819_D_KO6,20.htm",Data Scientist,CASHe,5,"₹ 10,68,914/yr","₹1,046K to ₹1,400K"
"https://www.glassdoor.co.in/Intern-Salary/EY-Data-Science-Internship-Salaries-E2784_D_KO3,15.htm",Data Science - Monthly Intern,EY,5,"₹ 32,981/mo",₹ 1 to ₹73K
"https://www.glassdoor.co.in/Salary/Blue-Yonder-Data-Scientist-Salaries-E6191_D_KO12,26.htm",Data Scientist,Blue Yonder,5,"₹ 20,27,164/yr","₹1,906K to ₹2,551K"
"https://www.glassdoor.co.in/Salary/dunnhumby-Lead-Data-Scientist-Salaries-E195922_D_KO10,29.htm",Lead Data Scientist,dunnhumby,5,"₹ 18,86,454/yr","₹1,600K to ₹2,374K"
"https://www.glassdoor.co.in/Salary/EY-Senior-Data-Scientist-Salaries-E2784_D_KO3,24.htm",Senior Data Scientist,EY,5,"₹ 15,98,453/yr","₹1,408K to ₹2,960K"
"https://www.glassdoor.co.in/Salary/SAP-Data-Scientist-Salaries-E10471_D_KO4,18.htm",Data Scientist,SAP,5,"₹ 17,78,841/yr","₹1,472K to ₹2,838K"
"https://www.glassdoor.co.in/Salary/Shell-Associate-Data-Scientist-Salaries-E5833_D_KO6,30.htm",Associate Data Scientist,Shell,5,"₹ 11,06,571/yr","₹612K to ₹1,318K"
"https://www.glassdoor.co.in/Salary/Mu-Sigma-Senior-Data-Scientist-Salaries-E253258_D_KO9,30.htm",Senior Data Scientist,Mu Sigma,5,"₹ 8,16,354/yr","₹405K to ₹2,118K"
"https://www.glassdoor.co.in/Intern-Salary/Microsoft-Data-Scientist-Internship-Salaries-E1651_D_KO10,24.htm",Data Scientist - Monthly Intern,Microsoft,5,"₹ 81,704/mo",₹21K to ₹83K
"https://www.glassdoor.co.in/Salary/NTT-DATA-Data-Scientist-Salaries-E7649_D_KO9,23.htm",Data Scientist,NTT DATA,5,"₹ 5,49,679/yr",₹300K to ₹900K
"https://www.glassdoor.co.in/Salary/ABB-Data-Scientist-Salaries-E3076_D_KO4,18.htm",Data Scientist,ABB,5,"₹ 8,42,174/yr","₹289K to ₹1,649K"
"https://www.glassdoor.co.in/Salary/Sciative-Solutions-Junior-Data-Scientist-Salaries-E1570379_D_KO19,40.htm",Junior Data Scientist,Sciative Solutions,5,"₹ 5,28,136/yr",₹327K to ₹741K
"https://www.glassdoor.co.in/Salary/Happiest-Minds-Technologies-Senior-Data-Scientist-Salaries-E505450_D_KO28,49.htm",Senior Data Scientist,Happiest Minds Technologies,5,"₹ 17,34,752/yr","₹460K to ₹3,350K"
"https://www.glassdoor.co.in/Salary/Ericsson-Worldwide-Data-Scientist-II-Salaries-E3472_D_KO19,36.htm",Data Scientist II,Ericsson-Worldwide,4,"₹ 19,62,788/yr","₹437K to ₹3,336K"
"https://www.glassdoor.co.in/Salary/MakeMyTrip-Data-Scientist-Salaries-E354629_D_KO11,25.htm",Data Scientist,MakeMyTrip,4,"₹ 13,93,158/yr","₹879K to ₹3,102K"
"https://www.glassdoor.co.in/Salary/Humonics-Data-Scientist-Salaries-E2274433_D_KO9,23.htm",Data Scientist,Humonics,4,"₹ 8,54,754/yr","₹317K to ₹1,099K"
"https://www.glassdoor.co.in/Salary/R-Systems-Data-Scientist-Salaries-E32444_D_KO10,24.htm",Data Scientist,R Systems,4,"₹ 13,18,598/yr","₹800K to ₹3,041K"
"https://www.glassdoor.co.in/Salary/Guavus-Data-Scientist-Salaries-E413648_D_KO7,21.htm",Data Scientist,Guavus,4,"₹ 14,90,433/yr","₹1,194K to ₹2,737K"
"https://www.glassdoor.co.in/Salary/CARS24-com-Data-Scientist-Salaries-E1316104_D_KO11,25.htm",Data Scientist,CARS24.com,4,"₹ 12,36,903/yr","₹853K to ₹1,483K"
"https://www.glassdoor.co.in/Salary/Walmart-Labs-Data-Scientist-Salaries-E3293060_D_KO13,27.htm",Data Scientist,Walmart Labs,4,"₹ 21,93,951/yr","₹1,532K to ₹6,000K"
"https://www.glassdoor.co.in/Intern-Salary/Swiggy-Data-Science-Internship-Salaries-E952680_D_KO7,19.htm",Data Science - Monthly Intern,Swiggy,4,"₹ 45,863/mo",₹41K to ₹48K
"https://www.glassdoor.co.in/Salary/Claim-Genius-Data-Scientist-Salaries-E2974162_D_KO13,27.htm",Data Scientist,Claim Genius,4,"₹ 12,80,605/yr","₹627K to ₹1,531K"
"https://www.glassdoor.co.in/Salary/Blackstraw-Senior-Data-Scientist-Salaries-E2467014_D_KO11,32.htm",Senior Data Scientist,Blackstraw,4,"₹ 23,71,465/yr","₹1,824K to ₹3,200K"
"https://www.glassdoor.co.in/Salary/GE-Data-Scientist-Salaries-E277_D_KO3,17.htm",Data Scientist,GE,4,"₹ 10,36,819/yr","₹720K to ₹1,132K"
"https://www.glassdoor.co.in/Intern-Salary/CrowdANALYTIX-Data-Science-Internship-Salaries-E941633_D_KO14,26.htm",Data Science - Monthly Intern,CrowdANALYTIX,4,"₹ 21,178/mo",₹18K to ₹22K
"https://www.glassdoor.co.in/Salary/Xalt-Analytics-Data-Scientist-Salaries-E3661159_D_KO15,29.htm",Data Scientist,Xalt Analytics,4,"₹ 4,23,968/yr",₹304K to ₹583K
"https://www.glassdoor.co.in/Salary/Target-Data-Scientist-Salaries-E194_D_KO7,21.htm",Data Scientist,Target,4,"₹ 16,16,955/yr","₹608K to ₹2,333K"
"https://www.glassdoor.co.in/Salary/Enquero-Data-Scientist-Salaries-E1009164_D_KO8,22.htm",Data Scientist,Enquero,4,"₹ 11,99,020/yr","₹918K to ₹1,447K"
"https://www.glassdoor.co.in/Salary/LTI-Associate-Data-Scientist-Salaries-E30653_D_KO4,28.htm",Associate Data Scientist,LTI,4,"₹ 6,35,000/yr",₹500K to ₹870K
"https://www.glassdoor.co.in/Salary/CitiusTech-Data-Scientist-Salaries-E192057_D_KO11,25.htm",Data Scientist,CitiusTech,4,"₹ 2,86,311/yr","₹203K to ₹1,831K"
"https://www.glassdoor.co.in/Salary/Curl-Analytics-Junior-Data-Scientist-Salaries-E2434238_D_KO15,36.htm",Junior Data Scientist,Curl Analytics,4,"₹ 6,79,987/yr","₹551K to ₹1,053K"
"https://www.glassdoor.co.in/Salary/Embibe-Data-Science-Engineer-Salaries-E887373_D_KO7,28.htm",Data Science Engineer,Embibe,4,"₹ 16,87,500/yr","₹804K to ₹2,041K"
"https://www.glassdoor.co.in/Salary/FlyNava-Technologies-Data-Scientist-Salaries-E1337981_D_KO21,35.htm",Data Scientist,FlyNava Technologies,4,"₹ 7,12,895/yr",₹261K to ₹732K
"https://www.glassdoor.co.in/Salary/Bajaj-Finance-Data-Scientist-Salaries-E230765_D_KO14,28.htm",Data Scientist,Bajaj Finance,4,"₹ 12,67,363/yr","₹908K to ₹1,964K"
"https://www.glassdoor.co.in/Salary/Target-Senior-Data-Scientist-Salaries-E194_D_KO7,28.htm",Senior Data Scientist,Target,4,"₹ 18,06,893/yr","₹472K to ₹2,193K"
"https://www.glassdoor.co.in/Salary/Bristlecone-Data-Scientist-Salaries-E192302_D_KO12,26.htm",Data Scientist - Monthly,Bristlecone,4,"₹ 75,225/mo",₹65K to ₹86K
"https://www.glassdoor.co.in/Salary/HDFC-Standard-Life-Insurance-Data-Scientist-Salaries-E501588_D_KO29,43.htm",Data Scientist,HDFC Standard Life Insurance,4,"₹ 12,35,975/yr","₹1,086K to ₹2,664K"
"https://www.glassdoor.co.in/Salary/Michelin-Data-Scientist-Salaries-E3294_D_KO9,23.htm",Data Scientist,Michelin,4,"₹ 10,94,364/yr","₹950K to ₹1,509K"
"https://www.glassdoor.co.in/Salary/Knowledge-Lens-Data-Scientist-Salaries-E1191345_D_KO15,29.htm",Data Scientist - Monthly,Knowledge Lens,4,"₹ 47,723/mo",₹42K to ₹68K
https://www.glassdoor.co.in/Salary/Indeed-Data-Analyst-Data-Scientist-Salaries-E100561_DAO.htm,Data Analyst/Data Scientist,Indeed,4,"₹ 5,13,901/yr",₹514K to ₹514K
"https://www.glassdoor.co.in/Salary/Cisco-Systems-Data-Scientist-Salaries-E1425_D_KO14,28.htm",Data Scientist,Cisco Systems,4,"₹ 14,76,701/yr","₹1,214K to ₹1,649K"
"https://www.glassdoor.co.in/Salary/IQVIA-Clinical-Data-Scientist-Salaries-E8347_D_KO6,29.htm",Clinical Data Scientist,IQVIA,4,"₹ 7,50,402/yr","₹575K to ₹1,100K"
"https://www.glassdoor.co.in/Intern-Salary/OYO-Data-Science-Internship-Salaries-E953789_D_KO4,16.htm",Data Science - Monthly Intern,OYO,4,"₹ 36,219/mo",₹10K to ₹45K
"https://www.glassdoor.co.in/Salary/ThoughtWorks-Data-Scientist-Salaries-E38334_D_KO13,27.htm",Data Scientist,ThoughtWorks,4,"₹ 14,45,778/yr","₹840K to ₹2,511K"
