link,company_job,Experience,No_of_salary,No_of_salary1,average_salary,average_bonus,salary_range,Salary_25,Salary_75
"https://www.glassdoor.co.in/Salary/Tata-Consultancy-Services-Data-Scientist-Salaries-E13461_D_KO26,40.htm?experienceLevel=LESS_THAN_ONE","https://www.glassdoor.co.in/Salary/Tata-Consultancy-Services-Data-Scientist-Salaries-E13461_D_KO26,40.htm",LESS_THAN_ONE,NA,0,NA,NA,NA,NA,NA
"https://www.glassdoor.co.in/Salary/Tata-Consultancy-Services-Data-Scientist-Salaries-E13461_D_KO26,40.htm?experienceLevel=ONE_TO_THREE","https://www.glassdoor.co.in/Salary/Tata-Consultancy-Services-Data-Scientist-Salaries-E13461_D_KO26,40.htm",ONE_TO_THREE,NA,0,NA,NA,NA,NA,NA
"https://www.glassdoor.co.in/Salary/Tata-Consultancy-Services-Data-Scientist-Salaries-E13461_D_KO26,40.htm?experienceLevel=FOUR_TO_SIX","https://www.glassdoor.co.in/Salary/Tata-Consultancy-Services-Data-Scientist-Salaries-E13461_D_KO26,40.htm",FOUR_TO_SIX,NA,0,NA,NA,NA,NA,NA
"https://www.glassdoor.co.in/Salary/Tata-Consultancy-Services-Data-Scientist-Salaries-E13461_D_KO26,40.htm?experienceLevel=SEVEN_TO_NINE","https://www.glassdoor.co.in/Salary/Tata-Consultancy-Services-Data-Scientist-Salaries-E13461_D_KO26,40.htm",SEVEN_TO_NINE,NA,0,NA,NA,NA,NA,NA
"https://www.glassdoor.co.in/Salary/Tata-Consultancy-Services-Data-Scientist-Salaries-E13461_D_KO26,40.htm?experienceLevel=TEN_TO_FOURTEEN","https://www.glassdoor.co.in/Salary/Tata-Consultancy-Services-Data-Scientist-Salaries-E13461_D_KO26,40.htm",TEN_TO_FOURTEEN,NA,0,NA,NA,NA,NA,NA
"https://www.glassdoor.co.in/Salary/Tata-Consultancy-Services-Data-Scientist-Salaries-E13461_D_KO26,40.htm?experienceLevel=ABOVE_FIFTEEN","https://www.glassdoor.co.in/Salary/Tata-Consultancy-Services-Data-Scientist-Salaries-E13461_D_KO26,40.htm",ABOVE_FIFTEEN,NA,0,NA,NA,NA,NA,NA
"https://www.glassdoor.co.in/Salary/IBM-Data-Scientist-Salaries-E354_D_KO4,18.htm?experienceLevel=LESS_THAN_ONE",IBM Data Scientist Salaries,0-1 Years,33 Salaries,33,"₹ 10,13,582","Additional Pay Average: ₹ 51,059","₹291K ₹2,539K",₹642K 25%,"₹1,251K 75%"
"https://www.glassdoor.co.in/Salary/IBM-Data-Scientist-Salaries-E354_D_KO4,18.htm?experienceLevel=ONE_TO_THREE",IBM Data Scientist Salaries,1-3 Years,44 Salaries,44,"₹ 10,01,000","Additional Pay Average: ₹ 22,932","₹300K ₹2,817K",₹714K 25%,"₹1,191K 75%"
"https://www.glassdoor.co.in/Salary/IBM-Data-Scientist-Salaries-E354_D_KO4,18.htm?experienceLevel=FOUR_TO_SIX",IBM Data Scientist Salaries,4-6 Years,18 Salaries,18,"₹ 10,30,833","Additional Pay Average: ₹ 19,247","₹459K ₹3,581K",₹692K 25%,"₹1,520K 75%"
"https://www.glassdoor.co.in/Salary/IBM-Data-Scientist-Salaries-E354_D_KO4,18.htm?experienceLevel=SEVEN_TO_NINE",IBM Data Scientist Salaries,7-9 Years,5 Salaries,5,"₹ 14,00,000","Additional Pay Average: ₹ 2,00,000","₹845K ₹2,500K",₹907K 25%,"₹2,112K 75%"
"https://www.glassdoor.co.in/Salary/IBM-Data-Scientist-Salaries-E354_D_KO4,18.htm?experienceLevel=TEN_TO_FOURTEEN",IBM Data Scientist Salaries,10-14 Years,16 Salaries,16,"₹ 21,24,068","Additional Pay Average: ₹ 1,81,171","₹729K ₹4,342K",NA,NA
"https://www.glassdoor.co.in/Salary/IBM-Data-Scientist-Salaries-E354_D_KO4,18.htm?experienceLevel=ABOVE_FIFTEEN",IBM Data Scientist Salaries,15+ Years,3 Salaries,3,"₹ 17,36,220 - ₹ 50,00,000",NA,NA,NA,NA
"https://www.glassdoor.co.in/Salary/Mu-Sigma-Data-Scientist-Salaries-E253258_D_KO9,23.htm?experienceLevel=LESS_THAN_ONE",Mu Sigma Data Scientist Salaries,0-1 Years,48 Salaries,48,"₹ 4,57,221","Additional Pay Average: ₹ 1,64,773",₹298K ₹907K,₹396K 25%,₹646K 75%
"https://www.glassdoor.co.in/Salary/Mu-Sigma-Data-Scientist-Salaries-E253258_D_KO9,23.htm?experienceLevel=ONE_TO_THREE",Mu Sigma Data Scientist Salaries,1-3 Years,58 Salaries,58,"₹ 7,00,000","Additional Pay Average: ₹ 90,159","₹332K ₹4,727K",NA,NA
"https://www.glassdoor.co.in/Salary/Mu-Sigma-Data-Scientist-Salaries-E253258_D_KO9,23.htm?experienceLevel=FOUR_TO_SIX",Mu Sigma Data Scientist Salaries,4-6 Years,2 Salaries,2,"₹ 5,80,290 - ₹ 7,81,307",NA,NA,NA,NA
"https://www.glassdoor.co.in/Salary/Mu-Sigma-Data-Scientist-Salaries-E253258_D_KO9,23.htm?experienceLevel=SEVEN_TO_NINE",Mu Sigma Data Scientist Salaries,7-9 Years,NA,0,NA,NA,NA,NA,NA
"https://www.glassdoor.co.in/Salary/Mu-Sigma-Data-Scientist-Salaries-E253258_D_KO9,23.htm?experienceLevel=TEN_TO_FOURTEEN",Data Scientist Salaries,10-14 Years,NA,0,NA,NA,NA,NA,NA
"https://www.glassdoor.co.in/Salary/Mu-Sigma-Data-Scientist-Salaries-E253258_D_KO9,23.htm?experienceLevel=ABOVE_FIFTEEN",Data Scientist Salaries,15+ Years,NA,0,NA,NA,NA,NA,NA
"https://www.glassdoor.co.in/Salary/Cognizant-Technology-Solutions-Data-Scientist-Salaries-E8014_D_KO31,45.htm?experienceLevel=LESS_THAN_ONE",Cognizant Technology Solutions Data Scientist Salaries,0-1 Years,15 Salaries,15,"₹ 6,32,717","Additional Pay Average: ₹ 97,801","₹300K ₹1,417K",₹400K 25%,"₹1,117K 75%"
"https://www.glassdoor.co.in/Salary/Cognizant-Technology-Solutions-Data-Scientist-Salaries-E8014_D_KO31,45.htm?experienceLevel=ONE_TO_THREE",Cognizant Technology Solutions Data Scientist Salaries,1-3 Years,22 Salaries,22,"₹ 6,22,491","Additional Pay Average: ₹ 48,278","₹344K ₹1,695K",₹410K 25%,₹964K 75%
"https://www.glassdoor.co.in/Salary/Cognizant-Technology-Solutions-Data-Scientist-Salaries-E8014_D_KO31,45.htm?experienceLevel=FOUR_TO_SIX",Cognizant Technology Solutions Data Scientist Salaries,4-6 Years,17 Salaries,17,"₹ 11,15,086","Additional Pay Average: ₹ 1,09,936","₹485K ₹1,902K",₹669K 25%,"₹1,412K 75%"
"https://www.glassdoor.co.in/Salary/Cognizant-Technology-Solutions-Data-Scientist-Salaries-E8014_D_KO31,45.htm?experienceLevel=SEVEN_TO_NINE",Cognizant Technology Solutions Data Scientist Salaries,7-9 Years,5 Salaries,5,"₹ 10,00,000","Additional Pay Average: ₹ 1,03,529","₹373K ₹11,896K",₹661K 25%,"₹6,772K 75%"
"https://www.glassdoor.co.in/Salary/Cognizant-Technology-Solutions-Data-Scientist-Salaries-E8014_D_KO31,45.htm?experienceLevel=TEN_TO_FOURTEEN",Cognizant Technology Solutions Data Scientist Salaries,10-14 Years,4 Salaries,4,"₹ 13,81,312","Additional Pay Average: ₹ 63,163","₹1,154K ₹1,526K","₹1,201K 25%","₹1,501K 75%"
"https://www.glassdoor.co.in/Salary/Cognizant-Technology-Solutions-Data-Scientist-Salaries-E8014_D_KO31,45.htm?experienceLevel=ABOVE_FIFTEEN",Cognizant Technology Solutions Data Scientist Salaries,15+ Years,NA,0,NA,NA,NA,NA,NA
"https://www.glassdoor.co.in/Salary/Accenture-Data-Scientist-Salaries-E4138_D_KO10,24.htm?experienceLevel=LESS_THAN_ONE",Accenture Data Scientist Salaries,0-1 Years,13 Salaries,13,"₹ 10,46,377",NA,"₹420K ₹1,750K",₹615K 25%,"₹1,286K 75%"
"https://www.glassdoor.co.in/Salary/Accenture-Data-Scientist-Salaries-E4138_D_KO10,24.htm?experienceLevel=ONE_TO_THREE",Accenture Data Scientist Salaries,1-3 Years,25 Salaries,25,"₹ 7,54,480","Additional Pay Average: ₹ 1,00,597","₹420K ₹1,750K",₹576K 25%,"₹1,385K 75%"
"https://www.glassdoor.co.in/Salary/Accenture-Data-Scientist-Salaries-E4138_D_KO10,24.htm?experienceLevel=FOUR_TO_SIX",Accenture Data Scientist Salaries,4-6 Years,11 Salaries,11,"₹ 11,31,587","Additional Pay Average: ₹ 1,82,056","₹460K ₹1,746K",₹623K 25%,"₹1,328K 75%"
"https://www.glassdoor.co.in/Salary/Accenture-Data-Scientist-Salaries-E4138_D_KO10,24.htm?experienceLevel=SEVEN_TO_NINE",Accenture Data Scientist Salaries,7-9 Years,6 Salaries,6,"₹ 10,37,026","Additional Pay Average: ₹ 1,39,292","₹180K ₹2,249K",₹705K 25%,"₹1,679K 75%"
"https://www.glassdoor.co.in/Salary/Accenture-Data-Scientist-Salaries-E4138_D_KO10,24.htm?experienceLevel=TEN_TO_FOURTEEN",Accenture Data Scientist Salaries,10-14 Years,4 Salaries,4,"₹ 27,54,746","Additional Pay Average: ₹ 5,07,644","₹2,213K ₹3,554K","₹2,271K 25%","₹3,431K 75%"
"https://www.glassdoor.co.in/Salary/Accenture-Data-Scientist-Salaries-E4138_D_KO10,24.htm?experienceLevel=ABOVE_FIFTEEN",Accenture Data Scientist Salaries,15+ Years,NA,0,NA,NA,NA,NA,NA
"https://www.glassdoor.co.in/Salary/Infosys-Data-Scientist-Salaries-E7927_D_KO8,22.htm?experienceLevel=LESS_THAN_ONE",Infosys Data Scientist Salaries,0-1 Years,11 Salaries,11,"₹ 8,47,310","Additional Pay Average: ₹ 84,145","₹211K ₹4,600K",₹318K 25%,"₹1,200K 75%"
"https://www.glassdoor.co.in/Salary/Infosys-Data-Scientist-Salaries-E7927_D_KO8,22.htm?experienceLevel=ONE_TO_THREE",Infosys Data Scientist Salaries,1-3 Years,23 Salaries,23,"₹ 7,20,000",NA,"₹289K ₹1,333K",₹426K 25%,"₹1,099K 75%"
"https://www.glassdoor.co.in/Salary/Infosys-Data-Scientist-Salaries-E7927_D_KO8,22.htm?experienceLevel=FOUR_TO_SIX",Infosys Data Scientist Salaries,4-6 Years,8 Salaries,8,"₹ 8,73,723","Additional Pay Average: ₹ 50,410","₹505K ₹1,200K",₹579K 25%,"₹1,130K 75%"
"https://www.glassdoor.co.in/Salary/Infosys-Data-Scientist-Salaries-E7927_D_KO8,22.htm?experienceLevel=SEVEN_TO_NINE",Infosys Data Scientist Salaries,7-9 Years,6 Salaries,6,"₹ 15,10,379",NA,"₹1,433K ₹3,226K","₹1,460K 25%","₹2,117K 75%"
"https://www.glassdoor.co.in/Salary/Infosys-Data-Scientist-Salaries-E7927_D_KO8,22.htm?experienceLevel=TEN_TO_FOURTEEN",Infosys Data Scientist Salaries,10-14 Years,3 Salaries,3,"₹ 5,00,000 - ₹ 32,43,656",NA,NA,NA,NA
"https://www.glassdoor.co.in/Salary/Infosys-Data-Scientist-Salaries-E7927_D_KO8,22.htm?experienceLevel=ABOVE_FIFTEEN",Infosys Data Scientist Salaries,15+ Years,NA,0,NA,NA,NA,NA,NA
"https://www.glassdoor.co.in/Salary/Fractal-Data-Scientist-Salaries-E270403_D_KO8,22.htm?experienceLevel=LESS_THAN_ONE",Fractal Data Scientist Salaries,0-1 Years,12 Salaries,12,"₹ 11,89,874","Additional Pay Average: ₹ 2,04,088","₹837K ₹1,939K","₹1,115K 25%","₹1,895K 75%"
"https://www.glassdoor.co.in/Salary/Fractal-Data-Scientist-Salaries-E270403_D_KO8,22.htm?experienceLevel=ONE_TO_THREE",Fractal Data Scientist Salaries,1-3 Years,32 Salaries,32,"₹ 15,00,000","Additional Pay Average: ₹ 1,51,533","₹817K ₹2,113K","₹1,181K 25%","₹1,824K 75%"
"https://www.glassdoor.co.in/Salary/Fractal-Data-Scientist-Salaries-E270403_D_KO8,22.htm?experienceLevel=FOUR_TO_SIX",Fractal Data Scientist Salaries,4-6 Years,4 Salaries,4,"₹ 13,10,702","Additional Pay Average: ₹ 2,03,058","₹947K ₹2,000K","₹1,011K 25%","₹1,855K 75%"
"https://www.glassdoor.co.in/Salary/Fractal-Data-Scientist-Salaries-E270403_D_KO8,22.htm?experienceLevel=SEVEN_TO_NINE",Fractal Data Scientist Salaries,7-9 Years,NA,0,NA,NA,NA,NA,NA
"https://www.glassdoor.co.in/Salary/Fractal-Data-Scientist-Salaries-E270403_D_KO8,22.htm?experienceLevel=TEN_TO_FOURTEEN",Data Scientist Salaries,10-14 Years,NA,0,NA,NA,NA,NA,NA
"https://www.glassdoor.co.in/Salary/Fractal-Data-Scientist-Salaries-E270403_D_KO8,22.htm?experienceLevel=ABOVE_FIFTEEN",Data Scientist Salaries,15+ Years,NA,0,NA,NA,NA,NA,NA
"https://www.glassdoor.co.in/Salary/Capgemini-Data-Scientist-Salaries-E3803_D_KO10,24.htm?experienceLevel=LESS_THAN_ONE",Capgemini Data Scientist Salaries,0-1 Years,8 Salaries,8,"₹ 8,68,693",NA,"₹305K ₹1,078K",₹664K 25%,"₹1,042K 75%"
"https://www.glassdoor.co.in/Salary/Capgemini-Data-Scientist-Salaries-E3803_D_KO10,24.htm?experienceLevel=ONE_TO_THREE",Capgemini Data Scientist Salaries,1-3 Years,20 Salaries,20,"₹ 7,42,474",NA,"₹358K ₹1,817K",₹510K 25%,"₹1,035K 75%"
"https://www.glassdoor.co.in/Salary/Capgemini-Data-Scientist-Salaries-E3803_D_KO10,24.htm?experienceLevel=FOUR_TO_SIX",Capgemini Data Scientist Salaries,4-6 Years,6 Salaries,6,"₹ 9,60,000",NA,"₹540K ₹5,534K",₹713K 25%,"₹2,218K 75%"
"https://www.glassdoor.co.in/Salary/Capgemini-Data-Scientist-Salaries-E3803_D_KO10,24.htm?experienceLevel=SEVEN_TO_NINE",Capgemini Data Scientist Salaries,7-9 Years,3 Salaries,3,"₹ 9,50,326 - ₹ 14,00,000",NA,NA,NA,NA
"https://www.glassdoor.co.in/Salary/Capgemini-Data-Scientist-Salaries-E3803_D_KO10,24.htm?experienceLevel=TEN_TO_FOURTEEN",Capgemini Data Scientist Salaries,10-14 Years,NA,0,NA,NA,NA,NA,NA
"https://www.glassdoor.co.in/Salary/Capgemini-Data-Scientist-Salaries-E3803_D_KO10,24.htm?experienceLevel=ABOVE_FIFTEEN",Data Scientist Salaries,15+ Years,NA,0,NA,NA,NA,NA,NA
"https://www.glassdoor.co.in/Salary/Amazon-Data-Scientist-Salaries-E6036_D_KO7,21.htm?experienceLevel=LESS_THAN_ONE",Amazon Data Scientist Salaries,0-1 Years,14 Salaries,14,"₹ 9,00,000","Additional Pay Average: ₹ 6,00,000","₹600K ₹1,900K",₹620K 25%,"₹1,315K 75%"
"https://www.glassdoor.co.in/Salary/Amazon-Data-Scientist-Salaries-E6036_D_KO7,21.htm?experienceLevel=ONE_TO_THREE",Amazon Data Scientist Salaries,1-3 Years,15 Salaries,15,"₹ 10,46,377","Additional Pay Average: ₹ 3,81,157","₹605K ₹2,852K",₹914K 25%,"₹1,673K 75%"
"https://www.glassdoor.co.in/Salary/Amazon-Data-Scientist-Salaries-E6036_D_KO7,21.htm?experienceLevel=FOUR_TO_SIX",Amazon Data Scientist Salaries,4-6 Years,6 Salaries,6,"₹ 22,02,229","Additional Pay Average: ₹ 5,49,679","₹255K ₹4,397K","₹1,301K 25%","₹3,634K 75%"
"https://www.glassdoor.co.in/Salary/Amazon-Data-Scientist-Salaries-E6036_D_KO7,21.htm?experienceLevel=SEVEN_TO_NINE",Amazon Data Scientist Salaries,7-9 Years,NA,0,NA,NA,NA,NA,NA
"https://www.glassdoor.co.in/Salary/Amazon-Data-Scientist-Salaries-E6036_D_KO7,21.htm?experienceLevel=TEN_TO_FOURTEEN",Amazon Data Scientist Salaries,10-14 Years,NA,0,NA,NA,NA,NA,NA
"https://www.glassdoor.co.in/Salary/Amazon-Data-Scientist-Salaries-E6036_D_KO7,21.htm?experienceLevel=ABOVE_FIFTEEN",Data Scientist Salaries,15+ Years,NA,0,NA,NA,NA,NA,NA
"https://www.glassdoor.co.in/Salary/Ericsson-Worldwide-Data-Scientist-Salaries-E3472_D_KO19,33.htm?experienceLevel=LESS_THAN_ONE",Ericsson-Worldwide Data Scientist Salaries,0-1 Years,5 Salaries,5,"₹ 5,48,256","Additional Pay Average: ₹ 84,654",₹303K ₹741K,₹403K 25%,₹702K 75%
"https://www.glassdoor.co.in/Salary/Ericsson-Worldwide-Data-Scientist-Salaries-E3472_D_KO19,33.htm?experienceLevel=ONE_TO_THREE",Ericsson-Worldwide Data Scientist Salaries,1-3 Years,12 Salaries,12,"₹ 6,44,826","Additional Pay Average: ₹ 1,05,592","₹355K ₹1,613K",₹438K 25%,"₹1,406K 75%"
"https://www.glassdoor.co.in/Salary/Ericsson-Worldwide-Data-Scientist-Salaries-E3472_D_KO19,33.htm?experienceLevel=FOUR_TO_SIX",Ericsson-Worldwide Data Scientist Salaries,4-6 Years,7 Salaries,7,"₹ 9,60,000","Additional Pay Average: ₹ 1,18,350","₹735K ₹1,632K",₹895K 25%,"₹1,584K 75%"
"https://www.glassdoor.co.in/Salary/Ericsson-Worldwide-Data-Scientist-Salaries-E3472_D_KO19,33.htm?experienceLevel=SEVEN_TO_NINE",Ericsson-Worldwide Data Scientist Salaries,7-9 Years,2 Salaries,2,"₹ 7,97,346 - ₹ 21,22,096",NA,NA,NA,NA
"https://www.glassdoor.co.in/Salary/Ericsson-Worldwide-Data-Scientist-Salaries-E3472_D_KO19,33.htm?experienceLevel=TEN_TO_FOURTEEN",Ericsson-Worldwide Data Scientist Salaries,10-14 Years,5 Salaries,5,"₹ 28,59,671","Additional Pay Average: ₹ 2,43,260","₹1,194K ₹3,508K","₹1,194K 25%","₹3,275K 75%"
"https://www.glassdoor.co.in/Salary/Ericsson-Worldwide-Data-Scientist-Salaries-E3472_D_KO19,33.htm?experienceLevel=ABOVE_FIFTEEN",Data Scientist Salaries,15+ Years,NA,0,NA,NA,NA,NA,NA
"https://www.glassdoor.co.in/Salary/ZS-Associates-Data-Science-Associate-Salaries-E115506_D_KO14,36.htm?experienceLevel=LESS_THAN_ONE",ZS Associates Data Science Associate Salaries,0-1 Years,20 Salaries,20,"₹ 11,19,652","Additional Pay Average: ₹ 1,53,066","₹1,009K ₹1,895K","₹1,029K 25%","₹1,277K 75%"
"https://www.glassdoor.co.in/Salary/ZS-Associates-Data-Science-Associate-Salaries-E115506_D_KO14,36.htm?experienceLevel=ONE_TO_THREE",ZS Associates Data Science Associate Salaries,1-3 Years,19 Salaries,19,"₹ 12,70,965","Additional Pay Average: ₹ 1,26,710","₹1,020K ₹2,245K","₹1,122K 25%","₹1,697K 75%"
"https://www.glassdoor.co.in/Salary/ZS-Associates-Data-Science-Associate-Salaries-E115506_D_KO14,36.htm?experienceLevel=FOUR_TO_SIX",ZS Associates Data Scientist Salaries,4-6 Years,3 Salaries,3,"₹ 18,09,360 - ₹ 22,44,973","Additional Pay Average: ₹ 1,62,761",NA,NA,NA
"https://www.glassdoor.co.in/Salary/ZS-Associates-Data-Science-Associate-Salaries-E115506_D_KO14,36.htm?experienceLevel=SEVEN_TO_NINE",ZS Associates Data Science Manager Salaries,7-9 Years,2 Salaries,2,"₹ 33,24,867 - ₹ 55,34,505","Additional Pay Average: ₹ 5,36,598",NA,NA,NA
"https://www.glassdoor.co.in/Salary/ZS-Associates-Data-Science-Associate-Salaries-E115506_D_KO14,36.htm?experienceLevel=TEN_TO_FOURTEEN",ZS Associates Data Science Manager Salaries,10-14 Years,NA,0,NA,NA,NA,NA,NA
"https://www.glassdoor.co.in/Salary/ZS-Associates-Data-Science-Associate-Salaries-E115506_D_KO14,36.htm?experienceLevel=ABOVE_FIFTEEN",Data Science Associate Salaries,15+ Years,NA,0,NA,NA,NA,NA,NA
"https://www.glassdoor.co.in/Salary/Impact-Analytics-Data-Scientist-Salaries-E1796553_D_KO17,31.htm?experienceLevel=LESS_THAN_ONE",Impact Analytics Data Scientist Salaries,0-1 Years,23 Salaries,23,"₹ 6,41,348","Additional Pay Average: ₹ 95,322",₹519K ₹868K,₹596K 25%,₹731K 75%
"https://www.glassdoor.co.in/Salary/Impact-Analytics-Data-Scientist-Salaries-E1796553_D_KO17,31.htm?experienceLevel=ONE_TO_THREE",Impact Analytics Data Scientist Salaries,1-3 Years,13 Salaries,13,"₹ 7,16,283","Additional Pay Average: ₹ 94,745",₹519K ₹900K,₹614K 25%,₹784K 75%
"https://www.glassdoor.co.in/Salary/Impact-Analytics-Data-Scientist-Salaries-E1796553_D_KO17,31.htm?experienceLevel=FOUR_TO_SIX",Impact Analytics Data Scientist Salaries,4-6 Years,2 Salaries,2,"₹ 8,08,040 - ₹ 13,08,239",NA,NA,NA,NA
"https://www.glassdoor.co.in/Salary/Impact-Analytics-Data-Scientist-Salaries-E1796553_D_KO17,31.htm?experienceLevel=SEVEN_TO_NINE",Data Scientist Salaries,7-9 Years,NA,0,NA,NA,NA,NA,NA
"https://www.glassdoor.co.in/Salary/Impact-Analytics-Data-Scientist-Salaries-E1796553_D_KO17,31.htm?experienceLevel=TEN_TO_FOURTEEN",Data Scientist Salaries,10-14 Years,NA,0,NA,NA,NA,NA,NA
"https://www.glassdoor.co.in/Salary/Impact-Analytics-Data-Scientist-Salaries-E1796553_D_KO17,31.htm?experienceLevel=ABOVE_FIFTEEN",Data Scientist Salaries,15+ Years,NA,0,NA,NA,NA,NA,NA
"https://www.glassdoor.co.in/Salary/Microsoft-Data-Scientist-Salaries-E1651_D_KO10,24.htm?experienceLevel=LESS_THAN_ONE",Microsoft Data Scientist Salaries,0-1 Years,12 Salaries,12,"₹ 13,34,393","Additional Pay Average: ₹ 2,90,649","₹196K ₹4,400K",NA,NA
"https://www.glassdoor.co.in/Salary/Microsoft-Data-Scientist-Salaries-E1651_D_KO10,24.htm?experienceLevel=ONE_TO_THREE",Microsoft Data Scientist Salaries,1-3 Years,12 Salaries,12,"₹ 17,35,407","Additional Pay Average: ₹ 1,73,121","₹989K ₹2,071K","₹1,473K 25%","₹1,925K 75%"
"https://www.glassdoor.co.in/Salary/Microsoft-Data-Scientist-Salaries-E1651_D_KO10,24.htm?experienceLevel=FOUR_TO_SIX",Microsoft Data Scientist Salaries,4-6 Years,5 Salaries,5,"₹ 18,50,043",Additional Pay Average: ₹ 12,"₹230K ₹2,500K",₹625K 25%,"₹2,336K 75%"
"https://www.glassdoor.co.in/Salary/Microsoft-Data-Scientist-Salaries-E1651_D_KO10,24.htm?experienceLevel=SEVEN_TO_NINE",Microsoft Data Scientist Salaries,7-9 Years,NA,0,NA,NA,NA,NA,NA
"https://www.glassdoor.co.in/Salary/Microsoft-Data-Scientist-Salaries-E1651_D_KO10,24.htm?experienceLevel=TEN_TO_FOURTEEN",Microsoft Data Scientist II Salaries,10-14 Years,2 Salaries,2,"₹ 3,07,859 - ₹ 43,26,271","Additional Pay Average: ₹ 2,88,121",NA,NA,NA
"https://www.glassdoor.co.in/Salary/Microsoft-Data-Scientist-Salaries-E1651_D_KO10,24.htm?experienceLevel=ABOVE_FIFTEEN",Microsoft Data Scientist Salaries,15+ Years,NA,0,NA,NA,NA,NA,NA
"https://www.glassdoor.co.in/Salary/Wipro-Data-Scientist-Salaries-E9936_D_KO6,20.htm?experienceLevel=LESS_THAN_ONE",Wipro Data Scientist Salaries,0-1 Years,2 Salaries,2,"₹ 9,65,370 - ₹ 11,51,549","Additional Pay Average: ₹ 6,20,741",NA,NA,NA
"https://www.glassdoor.co.in/Salary/Wipro-Data-Scientist-Salaries-E9936_D_KO6,20.htm?experienceLevel=ONE_TO_THREE",Wipro Data Scientist Salaries,1-3 Years,11 Salaries,11,"₹ 8,01,685","Additional Pay Average: ₹ 4,18,274","₹357K ₹1,538K",₹432K 25%,"₹1,102K 75%"
"https://www.glassdoor.co.in/Salary/Wipro-Data-Scientist-Salaries-E9936_D_KO6,20.htm?experienceLevel=FOUR_TO_SIX",Wipro Data Scientist Salaries,4-6 Years,11 Salaries,11,"₹ 7,69,551","Additional Pay Average: ₹ 1,21,894","₹214K ₹1,585K",₹386K 25%,"₹1,050K 75%"
"https://www.glassdoor.co.in/Salary/Wipro-Data-Scientist-Salaries-E9936_D_KO6,20.htm?experienceLevel=SEVEN_TO_NINE",Wipro Data Scientist Salaries,7-9 Years,3 Salaries,3,"₹ 10,13,582 - ₹ 15,84,222","Additional Pay Average: ₹ 1,13,159",NA,NA,NA
"https://www.glassdoor.co.in/Salary/Wipro-Data-Scientist-Salaries-E9936_D_KO6,20.htm?experienceLevel=TEN_TO_FOURTEEN",Wipro Data Scientist Salaries,10-14 Years,NA,0,NA,NA,NA,NA,NA
"https://www.glassdoor.co.in/Salary/Wipro-Data-Scientist-Salaries-E9936_D_KO6,20.htm?experienceLevel=ABOVE_FIFTEEN",Data Scientist Salaries,15+ Years,NA,0,NA,NA,NA,NA,NA
"https://www.glassdoor.co.in/Salary/Jio-Data-Scientist-Salaries-E694833_D_KO4,18.htm?experienceLevel=LESS_THAN_ONE",Jio Data Scientist Salaries,0-1 Years,6 Salaries,6,"₹ 10,59,223","Additional Pay Average: ₹ 1,09,936","₹450K ₹1,759K",₹672K 25%,"₹1,415K 75%"
"https://www.glassdoor.co.in/Salary/Jio-Data-Scientist-Salaries-E694833_D_KO4,18.htm?experienceLevel=ONE_TO_THREE",Jio Data Scientist Salaries,1-3 Years,20 Salaries,20,"₹ 12,25,535","Additional Pay Average: ₹ 2,09,275","₹251K ₹2,529K",₹754K 25%,"₹1,523K 75%"
"https://www.glassdoor.co.in/Salary/Jio-Data-Scientist-Salaries-E694833_D_KO4,18.htm?experienceLevel=FOUR_TO_SIX",Jio Data Scientist Salaries,4-6 Years,NA,0,NA,NA,NA,NA,NA
"https://www.glassdoor.co.in/Salary/Jio-Data-Scientist-Salaries-E694833_D_KO4,18.htm?experienceLevel=SEVEN_TO_NINE",Jio Senior Data Scientist Salaries,7-9 Years,NA,0,NA,NA,NA,NA,NA
"https://www.glassdoor.co.in/Salary/Jio-Data-Scientist-Salaries-E694833_D_KO4,18.htm?experienceLevel=TEN_TO_FOURTEEN",Jio Sr Manager Data Science Salaries,10-14 Years,NA,0,NA,NA,NA,NA,NA
"https://www.glassdoor.co.in/Salary/Jio-Data-Scientist-Salaries-E694833_D_KO4,18.htm?experienceLevel=ABOVE_FIFTEEN",Data Scientist Salaries,15+ Years,NA,0,NA,NA,NA,NA,NA
"https://www.glassdoor.co.in/Salary/Embibe-Data-Scientist-Salaries-E887373_D_KO7,21.htm?experienceLevel=LESS_THAN_ONE",Embibe Data Scientist Salaries,0-1 Years,10 Salaries,10,"₹ 13,13,316",NA,"₹863K ₹1,800K","₹1,025K 25%","₹1,383K 75%"
"https://www.glassdoor.co.in/Salary/Embibe-Data-Scientist-Salaries-E887373_D_KO7,21.htm?experienceLevel=ONE_TO_THREE",Embibe Data Scientist Salaries,1-3 Years,13 Salaries,13,"₹ 15,00,000","Additional Pay Average: ₹ 3,36,066","₹950K ₹2,213K","₹1,228K 25%","₹1,800K 75%"
"https://www.glassdoor.co.in/Salary/Embibe-Data-Scientist-Salaries-E887373_D_KO7,21.htm?experienceLevel=FOUR_TO_SIX",Embibe Data Scientist Salaries,4-6 Years,3 Salaries,3,"₹ 5,00,000 - ₹ 21,00,000",NA,NA,NA,NA
"https://www.glassdoor.co.in/Salary/Embibe-Data-Scientist-Salaries-E887373_D_KO7,21.htm?experienceLevel=SEVEN_TO_NINE",Data Scientist Salaries,7-9 Years,NA,0,NA,NA,NA,NA,NA
"https://www.glassdoor.co.in/Salary/Embibe-Data-Scientist-Salaries-E887373_D_KO7,21.htm?experienceLevel=TEN_TO_FOURTEEN",Data Scientist Salaries,10-14 Years,NA,0,NA,NA,NA,NA,NA
"https://www.glassdoor.co.in/Salary/Embibe-Data-Scientist-Salaries-E887373_D_KO7,21.htm?experienceLevel=ABOVE_FIFTEEN",Data Scientist Salaries,15+ Years,NA,0,NA,NA,NA,NA,NA
"https://www.glassdoor.co.in/Salary/Google-Data-Scientist-Salaries-E9079_D_KO7,21.htm?experienceLevel=LESS_THAN_ONE",Google Data Scientist Salaries,0-1 Years,8 Salaries,8,"₹ 12,00,000",NA,"₹272K ₹7,400K",₹671K 25%,"₹5,083K 75%"
"https://www.glassdoor.co.in/Salary/Google-Data-Scientist-Salaries-E9079_D_KO7,21.htm?experienceLevel=ONE_TO_THREE",Google Data Scientist Salaries,1-3 Years,16 Salaries,16,"₹ 13,18,926",NA,"₹272K ₹7,400K",₹570K 25%,"₹2,921K 75%"
"https://www.glassdoor.co.in/Salary/Google-Data-Scientist-Salaries-E9079_D_KO7,21.htm?experienceLevel=FOUR_TO_SIX",Google Data Scientist Salaries,4-6 Years,2 Salaries,2,"₹ 6,66,666 - ₹ 13,55,146",NA,NA,NA,NA
"https://www.glassdoor.co.in/Salary/Google-Data-Scientist-Salaries-E9079_D_KO7,21.htm?experienceLevel=SEVEN_TO_NINE",Google Data Scientist Salaries,7-9 Years,NA,0,NA,NA,NA,NA,NA
"https://www.glassdoor.co.in/Salary/Google-Data-Scientist-Salaries-E9079_D_KO7,21.htm?experienceLevel=TEN_TO_FOURTEEN",Google Data Science Salaries,10-14 Years,NA,0,NA,NA,NA,NA,NA
"https://www.glassdoor.co.in/Salary/Google-Data-Scientist-Salaries-E9079_D_KO7,21.htm?experienceLevel=ABOVE_FIFTEEN",Data Scientist Salaries,15+ Years,NA,0,NA,NA,NA,NA,NA
"https://www.glassdoor.co.in/Salary/dunnhumby-Applied-Data-Scientist-Salaries-E195922_D_KO10,32.htm?experienceLevel=LESS_THAN_ONE",dunnhumby Associate Applied Data Scientist Salaries,0-1 Years,10 Salaries,10,"₹ 8,89,293","Additional Pay Average: ₹ 85,794","₹842K ₹1,046K",₹848K 25%,₹994K 75%
"https://www.glassdoor.co.in/Salary/dunnhumby-Applied-Data-Scientist-Salaries-E195922_D_KO10,32.htm?experienceLevel=ONE_TO_THREE",dunnhumby Applied Data Scientist Salaries,1-3 Years,10 Salaries,10,"₹ 9,33,688","Additional Pay Average: ₹ 79,962","₹181K ₹1,158K",₹683K 25%,"₹1,074K 75%"
"https://www.glassdoor.co.in/Salary/dunnhumby-Applied-Data-Scientist-Salaries-E195922_D_KO10,32.htm?experienceLevel=FOUR_TO_SIX",dunnhumby Applied Data Scientist Salaries,4-6 Years,7 Salaries,7,"₹ 14,15,725",Additional Pay Average: ₹ 6,"₹1,015K ₹1,766K","₹1,126K 25%","₹1,600K 75%"
"https://www.glassdoor.co.in/Salary/dunnhumby-Applied-Data-Scientist-Salaries-E195922_D_KO10,32.htm?experienceLevel=SEVEN_TO_NINE",dunnhumby Lead Applied Data Scientist Salaries,7-9 Years,5 Salaries,5,"₹ 20,49,858","Additional Pay Average: ₹ 2,13,783","₹1,439K ₹2,352K","₹1,569K 25%","₹2,275K 75%"
"https://www.glassdoor.co.in/Salary/dunnhumby-Applied-Data-Scientist-Salaries-E195922_D_KO10,32.htm?experienceLevel=TEN_TO_FOURTEEN",dunnhumby Senior Applied Data Scientist Salaries,10-14 Years,3 Salaries,3,"₹ 17,47,263 - ₹ 26,72,285","Additional Pay Average: ₹ 2,05,560",NA,NA,NA
"https://www.glassdoor.co.in/Salary/dunnhumby-Applied-Data-Scientist-Salaries-E195922_D_KO10,32.htm?experienceLevel=ABOVE_FIFTEEN",Applied Data Scientist Salaries,15+ Years,NA,0,NA,NA,NA,NA,NA
"https://www.glassdoor.co.in/Salary/Deloitte-Data-Scientist-Salaries-E2763_D_KO9,23.htm?experienceLevel=LESS_THAN_ONE",Deloitte Data Scientist Salaries,0-1 Years,4 Salaries,4,"₹ 11,81,099","Additional Pay Average: ₹ 1,70,326","₹537K ₹1,463K",₹633K 25%,"₹1,458K 75%"
"https://www.glassdoor.co.in/Salary/Deloitte-Data-Scientist-Salaries-E2763_D_KO9,23.htm?experienceLevel=ONE_TO_THREE",Deloitte Data Scientist Salaries,1-3 Years,14 Salaries,14,"₹ 9,69,420","Additional Pay Average: ₹ 1,19,380","₹537K ₹1,630K",₹673K 25%,"₹1,300K 75%"
"https://www.glassdoor.co.in/Salary/Deloitte-Data-Scientist-Salaries-E2763_D_KO9,23.htm?experienceLevel=FOUR_TO_SIX",Deloitte Data Scientist Salaries,4-6 Years,3 Salaries,3,"₹ 1,83,680 - ₹ 12,24,531","Additional Pay Average: ₹ 80,747",NA,NA,NA
"https://www.glassdoor.co.in/Salary/Deloitte-Data-Scientist-Salaries-E2763_D_KO9,23.htm?experienceLevel=SEVEN_TO_NINE",Deloitte Data Scientist Salaries,7-9 Years,3 Salaries,3,"₹ 12,00,000 - ₹ 21,00,000",NA,NA,NA,NA
"https://www.glassdoor.co.in/Salary/Deloitte-Data-Scientist-Salaries-E2763_D_KO9,23.htm?experienceLevel=TEN_TO_FOURTEEN",Data Scientist Salaries,10-14 Years,NA,0,NA,NA,NA,NA,NA
"https://www.glassdoor.co.in/Salary/Deloitte-Data-Scientist-Salaries-E2763_D_KO9,23.htm?experienceLevel=ABOVE_FIFTEEN",Data Scientist Salaries,15+ Years,NA,0,NA,NA,NA,NA,NA
"https://www.glassdoor.co.in/Salary/Tech-Mahindra-Data-Scientist-Salaries-E135932_D_KO14,28.htm?experienceLevel=LESS_THAN_ONE",Tech Mahindra Data Scientist Salaries,0-1 Years,3 Salaries,3,"₹ 4,05,433 - ₹ 10,15,288","Additional Pay Average: ₹ 30,407",NA,NA,NA
"https://www.glassdoor.co.in/Salary/Tech-Mahindra-Data-Scientist-Salaries-E135932_D_KO14,28.htm?experienceLevel=ONE_TO_THREE",Tech Mahindra Data Scientist Salaries,1-3 Years,5 Salaries,5,"₹ 6,31,631","Additional Pay Average: ₹ 1,05,272","₹394K ₹1,053K",₹432K 25%,₹881K 75%
"https://www.glassdoor.co.in/Salary/Tech-Mahindra-Data-Scientist-Salaries-E135932_D_KO14,28.htm?experienceLevel=FOUR_TO_SIX",Tech Mahindra Data Scientist Salaries,4-6 Years,6 Salaries,6,"₹ 7,12,461",NA,"₹441K ₹1,703K",₹477K 25%,"₹1,242K 75%"
"https://www.glassdoor.co.in/Salary/Tech-Mahindra-Data-Scientist-Salaries-E135932_D_KO14,28.htm?experienceLevel=SEVEN_TO_NINE",Tech Mahindra Data Scientist Salaries,7-9 Years,2 Salaries,2,"₹ 6,82,368 - ₹ 17,14,138",NA,NA,NA,NA
"https://www.glassdoor.co.in/Salary/Tech-Mahindra-Data-Scientist-Salaries-E135932_D_KO14,28.htm?experienceLevel=TEN_TO_FOURTEEN",Tech Mahindra Data Scientist Salaries,10-14 Years,5 Salaries,5,"₹ 16,56,817",NA,"₹1,131K ₹2,309K","₹1,321K 25%","₹2,254K 75%"
"https://www.glassdoor.co.in/Salary/Tech-Mahindra-Data-Scientist-Salaries-E135932_D_KO14,28.htm?experienceLevel=ABOVE_FIFTEEN",Data Scientist Salaries,15+ Years,NA,0,NA,NA,NA,NA,NA
"https://www.glassdoor.co.in/Salary/Accenture-Data-Science-Analyst-Salaries-E4138_D_KO10,30.htm?experienceLevel=LESS_THAN_ONE",Accenture Data Science Analyst Salaries,0-1 Years,3 Salaries,3,"₹ 1,26,698 - ₹ 12,00,000","Additional Pay Average: ₹ 1,00,000",NA,NA,NA
"https://www.glassdoor.co.in/Salary/Accenture-Data-Science-Analyst-Salaries-E4138_D_KO10,30.htm?experienceLevel=ONE_TO_THREE",Accenture Data Science Analyst Salaries,1-3 Years,17 Salaries,17,"₹ 12,00,000","Additional Pay Average: ₹ 1,33,914","₹461K ₹1,556K","₹1,080K 25%","₹1,314K 75%"
"https://www.glassdoor.co.in/Salary/Accenture-Data-Science-Analyst-Salaries-E4138_D_KO10,30.htm?experienceLevel=FOUR_TO_SIX",Accenture Data Science Analyst Salaries,4-6 Years,2 Salaries,2,"₹ 14,97,991 - ₹ 18,79,134","Additional Pay Average: ₹ 88,509",NA,NA,NA
"https://www.glassdoor.co.in/Salary/Accenture-Data-Science-Analyst-Salaries-E4138_D_KO10,30.htm?experienceLevel=SEVEN_TO_NINE",Accenture Data Scientist Salaries,7-9 Years,6 Salaries,6,"₹ 10,37,026","Additional Pay Average: ₹ 1,39,292","₹180K ₹2,249K",₹705K 25%,"₹1,679K 75%"
"https://www.glassdoor.co.in/Salary/Accenture-Data-Science-Analyst-Salaries-E4138_D_KO10,30.htm?experienceLevel=TEN_TO_FOURTEEN",Accenture Data Scientist Salaries,10-14 Years,4 Salaries,4,"₹ 27,54,746","Additional Pay Average: ₹ 5,07,644","₹2,213K ₹3,554K","₹2,271K 25%","₹3,431K 75%"
"https://www.glassdoor.co.in/Salary/Accenture-Data-Science-Analyst-Salaries-E4138_D_KO10,30.htm?experienceLevel=ABOVE_FIFTEEN",Accenture Data Scientist Salaries,15+ Years,NA,0,NA,NA,NA,NA,NA
